_id,state,createdDate,lastLogin,role,active
5ff1e194b6a9d73a3a9f1052,WI,2021-01-03 10:24:04.800,2021-01-03 10:25:37.858,consumer,True
5ff1e194b6a9d73a3a9f1052,WI,2021-01-03 10:24:04.800,2021-01-03 10:25:37.858,consumer,True
5ff1e194b6a9d73a3a9f1052,WI,2021-01-03 10:24:04.800,2021-01-03 10:25:37.858,consumer,True
5ff1e1eacfcf6c399c274ae6,WI,2021-01-03 10:25:30.554,2021-01-03 10:25:30.597,consumer,True
5ff1e194b6a9d73a3a9f1052,WI,2021-01-03 10:24:04.800,2021-01-03 10:25:37.858,consumer,True
5ff1e194b6a9d73a3a9f1052,WI,2021-01-03 10:24:04.800,2021-01-03 10:25:37.858,consumer,True
5ff1e1e8cfcf6c399c274ad9,WI,2021-01-03 10:25:28.354,2021-01-03 10:25:28.392,consumer,True
5ff1e1b7cfcf6c399c274a5a,WI,2021-01-03 10:24:39.626,2021-01-03 10:24:39.665,consumer,True
5ff1e194b6a9d73a3a9f1052,WI,2021-01-03 10:24:04.800,2021-01-03 10:25:37.858,consumer,True
5ff1e1f1cfcf6c399c274b0b,WI,2021-01-03 10:25:37.564,2021-01-03 10:25:37.599,consumer,True
5ff1e194b6a9d73a3a9f1052,WI,2021-01-03 10:24:04.800,2021-01-03 10:25:37.858,consumer,True
5ff1e1eacfcf6c399c274ae6,WI,2021-01-03 10:25:30.554,2021-01-03 10:25:30.597,consumer,True
5ff1e194b6a9d73a3a9f1052,WI,2021-01-03 10:24:04.800,2021-01-03 10:25:37.858,consumer,True
5ff1e1eacfcf6c399c274ae6,WI,2021-01-03 10:25:30.554,2021-01-03 10:25:30.597,consumer,True
5ff1e194b6a9d73a3a9f1052,WI,2021-01-03 10:24:04.800,2021-01-03 10:25:37.858,consumer,True
5ff1e194b6a9d73a3a9f1052,WI,2021-01-03 10:24:04.800,2021-01-03 10:25:37.858,consumer,True
5ff1e1e4cfcf6c399c274ac3,WI,2021-01-03 10:25:24.656,2021-01-03 10:25:24.694,consumer,True
5ff1e1b4cfcf6c399c274a54,WI,2021-01-03 10:24:36.410,2021-01-03 10:24:36.452,consumer,True
5ff1e1eacfcf6c399c274ae6,WI,2021-01-03 10:25:30.554,2021-01-03 10:25:30.597,consumer,True
5ff1e194b6a9d73a3a9f1052,WI,2021-01-03 10:24:04.800,2021-01-03 10:25:37.858,consumer,True
5ff370c562fde912123a5e0e,WI,2021-01-04 14:47:17.776,2021-01-04 14:50:50.563,consumer,True
5ff36d0362fde912123a5535,WI,2021-01-04 14:31:15.973,2021-01-04 14:34:42.944,consumer,True
5ff36d83135e7011bcb864d6,WI,2021-01-04 14:33:23.244,2021-01-04 14:33:23.425,consumer,True
5ff36c8862fde912123a538a,WI,2021-01-04 14:29:12.943,2021-01-04 14:29:13.141,consumer,True
5ff370c562fde912123a5e0e,WI,2021-01-04 14:47:17.776,2021-01-04 14:50:50.563,consumer,True
5ff36be7135e7011bcb856d3,WI,2021-01-04 14:26:31.239,2021-01-04 14:29:52.726,consumer,True
5ff36d0362fde912123a5535,WI,2021-01-04 14:31:15.973,2021-01-04 14:34:42.944,consumer,True
5ff36be7135e7011bcb856d3,WI,2021-01-04 14:26:31.239,2021-01-04 14:29:52.726,consumer,True
5ff36a3862fde912123a4460,WI,2021-01-04 14:19:20.352,2021-01-04 14:23:05.340,consumer,True
5ff36d0362fde912123a5535,WI,2021-01-04 14:31:15.973,2021-01-04 14:34:42.944,consumer,True
5ff36c8e135e7011bcb85da4,WI,2021-01-04 14:29:18.994,2021-01-04 14:29:19.173,consumer,True
5ff36a3862fde912123a4460,WI,2021-01-04 14:19:20.352,2021-01-04 14:23:05.340,consumer,True
5ff370c562fde912123a5e0e,WI,2021-01-04 14:47:17.776,2021-01-04 14:50:50.563,consumer,True
5ff36a3862fde912123a4460,WI,2021-01-04 14:19:20.352,2021-01-04 14:23:05.340,consumer,True
5ff36a3862fde912123a4460,WI,2021-01-04 14:19:20.352,2021-01-04 14:23:05.340,consumer,True
5ff370c562fde912123a5e0e,WI,2021-01-04 14:47:17.776,2021-01-04 14:50:50.563,consumer,True
5ff36a3862fde912123a4460,WI,2021-01-04 14:19:20.352,2021-01-04 14:23:05.340,consumer,True
5ff370c562fde912123a5e0e,WI,2021-01-04 14:47:17.776,2021-01-04 14:50:50.563,consumer,True
5ff3711e62fde912123a620e,WI,2021-01-04 14:48:46.807,2021-01-04 14:48:46.997,consumer,True
5ff36be7135e7011bcb856d3,WI,2021-01-04 14:26:31.239,2021-01-04 14:29:52.726,consumer,True
5ff4ce33c3d63511e2a484b6,WI,2021-01-05 15:38:11.229,2021-01-05 15:39:55.131,consumer,True
5ff473e7c1e2d0121a9b2697,WI,2021-01-05 09:12:55.669,2021-01-05 09:12:55.877,consumer,True
5ff47392c3d63511e2a47881,WI,2021-01-05 09:11:30.233,2021-01-05 09:15:33.550,consumer,True
5ff47392c3d63511e2a47881,WI,2021-01-05 09:11:30.233,2021-01-05 09:15:33.550,consumer,True
5ff4ce33c3d63511e2a484b6,WI,2021-01-05 15:38:11.229,2021-01-05 15:39:55.131,consumer,True
5ff4ce91c1e2d0121a9b3057,WI,2021-01-05 15:39:45.282,2021-01-05 15:39:45.329,consumer,True
5ff47392c3d63511e2a47881,WI,2021-01-05 09:11:30.233,2021-01-05 09:15:33.550,consumer,True
5ff4ce3dc3d63511e2a484dc,WI,2021-01-05 15:38:21.887,2021-01-05 15:38:21.938,consumer,True
5ff4ce33c3d63511e2a484b6,WI,2021-01-05 15:38:11.229,2021-01-05 15:39:55.131,consumer,True
5ff4ce3dc3d63511e2a484dc,WI,2021-01-05 15:38:21.887,2021-01-05 15:38:21.938,consumer,True
5ff4ce33c3d63511e2a484b6,WI,2021-01-05 15:38:11.229,2021-01-05 15:39:55.131,consumer,True
5ff47392c3d63511e2a47881,WI,2021-01-05 09:11:30.233,2021-01-05 09:15:33.550,consumer,True
5ff4ce3dc3d63511e2a484dc,WI,2021-01-05 15:38:21.887,2021-01-05 15:38:21.938,consumer,True
5ff4ce3dc3d63511e2a484dc,WI,2021-01-05 15:38:21.887,2021-01-05 15:38:21.938,consumer,True
5ff4ce33c3d63511e2a484b6,WI,2021-01-05 15:38:11.229,2021-01-05 15:39:55.131,consumer,True
5ff4ce34c3d63511e2a484ba,WI,2021-01-05 15:38:12.503,2021-01-05 15:38:12.565,consumer,True
5ff4ce33c3d63511e2a484b6,WI,2021-01-05 15:38:11.229,2021-01-05 15:39:55.131,consumer,True
5ff4ce33c3d63511e2a484b6,WI,2021-01-05 15:38:11.229,2021-01-05 15:39:55.131,consumer,True
5ff4ce3ac1e2d0121a9b2fb3,WI,2021-01-05 15:38:18.446,2021-01-05 15:38:18.495,consumer,True
5ff47392c3d63511e2a47881,WI,2021-01-05 09:11:30.233,2021-01-05 09:15:33.550,consumer,True
5ff5d15aeb7c7d12096d91a2,WI,2021-01-06 10:03:54.680,2021-01-06 10:08:10.009,consumer,True
5ff5d15aeb7c7d12096d91a2,WI,2021-01-06 10:03:54.680,2021-01-06 10:08:10.009,consumer,True
5ff5d15aeb7c7d12096d91a2,WI,2021-01-06 10:03:54.680,2021-01-06 10:08:10.009,consumer,True
5ff5d15aeb7c7d12096d91a2,WI,2021-01-06 10:03:54.680,2021-01-06 10:08:10.009,consumer,True
5ff5d15aeb7c7d12096d91a2,WI,2021-01-06 10:03:54.680,2021-01-06 10:08:10.009,consumer,True
5ff5d15aeb7c7d12096d91a2,WI,2021-01-06 10:03:54.680,2021-01-06 10:08:10.009,consumer,True
5ff5d1a38f142f11dd1886ba,WI,2021-01-06 10:05:07.667,2021-01-06 10:05:07.878,consumer,True
5ff5d15aeb7c7d12096d91a2,WI,2021-01-06 10:03:54.680,2021-01-06 10:08:10.009,consumer,True
5ff5d15aeb7c7d12096d91a2,WI,2021-01-06 10:03:54.680,2021-01-06 10:08:10.009,consumer,True
5ff5d15aeb7c7d12096d91a2,WI,2021-01-06 10:03:54.680,2021-01-06 10:08:10.009,consumer,True
5ff5d15aeb7c7d12096d91a2,WI,2021-01-06 10:03:54.680,2021-01-06 10:08:10.009,consumer,True
5ff5d15aeb7c7d12096d91a2,WI,2021-01-06 10:03:54.680,2021-01-06 10:08:10.009,consumer,True
5ff5d15aeb7c7d12096d91a2,WI,2021-01-06 10:03:54.680,2021-01-06 10:08:10.009,consumer,True
5ff5d15aeb7c7d12096d91a2,WI,2021-01-06 10:03:54.680,2021-01-06 10:08:10.009,consumer,True
5ff5d15aeb7c7d12096d91a2,WI,2021-01-06 10:03:54.680,2021-01-06 10:08:10.009,consumer,True
5ff5d15aeb7c7d12096d91a2,WI,2021-01-06 10:03:54.680,2021-01-06 10:08:10.009,consumer,True
5ff5d1d08f142f11dd18884c,WI,2021-01-06 10:05:52.484,2021-01-06 10:05:52.717,consumer,True
5ff5d15aeb7c7d12096d91a2,WI,2021-01-06 10:03:54.680,2021-01-06 10:08:10.009,consumer,True
5ff5d15aeb7c7d12096d91a2,WI,2021-01-06 10:03:54.680,2021-01-06 10:08:10.009,consumer,True
5ff5d15aeb7c7d12096d91a2,WI,2021-01-06 10:03:54.680,2021-01-06 10:08:10.009,consumer,True
5ff7264e8f142f11dd189504,WI,2021-01-07 10:18:38.596,2021-01-07 10:20:26.821,consumer,True
5ff7401ceb7c7d31ca8a46e0,WI,2021-01-07 12:08:44.072,2021-01-07 12:08:44.352,consumer,True
5ff73bea8f142f3276c3e84a,WI,2021-01-07 11:50:50.206,2021-01-07 11:50:50.255,consumer,True
5ff74f3db3348b11c93361d1,WI,2021-01-07 13:13:17.921,2021-01-07 13:17:03.217,consumer,True
5ff7264e8f142f11dd189504,WI,2021-01-07 10:18:38.596,2021-01-07 10:20:26.821,consumer,True
5ff73b90eb7c7d31ca8a452b,WI,2021-01-07 11:49:20.959,2021-01-07 11:51:07.267,consumer,True
5ff7930fb3348b11c93372a6,WI,2021-01-07 18:02:39.759,2021-01-07 18:09:54.656,consumer,True
5ff7268eeb7c7d12096da2a9,WI,2021-01-07 10:19:42.584,2021-01-07 10:19:42.630,consumer,True
5ff7268eeb7c7d12096da2a9,WI,2021-01-07 10:19:42.584,2021-01-07 10:19:42.630,consumer,True
5ff7264e8f142f11dd189504,WI,2021-01-07 10:18:38.596,2021-01-07 10:20:26.821,consumer,True
5ff7930fb3348b11c93372a6,WI,2021-01-07 18:02:39.759,2021-01-07 18:09:54.656,consumer,True
5ff726a0eb7c7d12096da2db,WI,2021-01-07 10:20:00.299,2021-01-07 10:20:00.353,consumer,True
5ff793dd04929111f6e90c69,WI,2021-01-07 18:06:05.503,2021-01-07 18:06:05.681,consumer,True
5ff7949eb3348b11c93373d2,WI,2021-01-07 18:09:18.699,2021-01-07 18:09:18.840,consumer,True
5ff7268c8f142f11dd189579,WI,2021-01-07 10:19:40.196,2021-01-07 10:19:40.243,consumer,True
5ff73b90eb7c7d31ca8a452b,WI,2021-01-07 11:49:20.959,2021-01-07 11:51:07.267,consumer,True
5ff7264e8f142f11dd189504,WI,2021-01-07 10:18:38.596,2021-01-07 10:20:26.821,consumer,True
5ff616a68f142f11dd189163,KY,2021-01-06 14:59:34.996,,consumer,True
5ff7930fb3348b11c93372a6,WI,2021-01-07 18:02:39.759,2021-01-07 18:09:54.656,consumer,True
5ff79464b3348b11c933738b,WI,2021-01-07 18:08:20.153,2021-01-07 18:08:20.301,consumer,True
5ff8c241b3348b11c93379fc,WI,2021-01-08 15:36:17.626,2021-01-08 15:36:17.831,consumer,True
5ff8ce8504929111f6e913cb,WI,2021-01-08 16:28:37.743,2021-01-08 16:29:59.411,consumer,True
5ff8ce8504929111f6e913cb,WI,2021-01-08 16:28:37.743,2021-01-08 16:29:59.411,consumer,True
5ff873d1b3348b11c9337716,WI,2021-01-08 10:01:37.348,2021-01-08 10:03:21.259,consumer,True
5ff873ef04929111f6e910f0,WI,2021-01-08 10:02:07.604,2021-01-08 10:02:07.655,consumer,True
5ff8c4e8b3348b11c9337a11,WI,2021-01-08 15:47:36.724,2021-01-08 15:47:37.088,consumer,True
5ff873d1b3348b11c9337716,WI,2021-01-08 10:01:37.348,2021-01-08 10:03:21.259,consumer,True
5ff8da28b3348b11c9337ac6,WI,2021-01-08 17:18:16.844,2021-01-08 17:19:49.939,consumer,True
5ff8da7db3348b11c9337b6a,WI,2021-01-08 17:19:41.689,2021-01-08 17:19:41.738,consumer,True
5ff873ddb3348b11c9337733,WI,2021-01-08 10:01:49.160,2021-01-08 10:01:49.202,consumer,True
5ff8a11db3348b11c93378aa,WI,2021-01-08 13:14:53.734,2021-01-08 13:14:53.928,consumer,True
5ff873d1b3348b11c9337716,WI,2021-01-08 10:01:37.348,2021-01-08 10:03:21.259,consumer,True
5ff873d1b3348b11c9337716,WI,2021-01-08 10:01:37.348,2021-01-08 10:03:21.259,consumer,True
5ff873d1b3348b11c9337716,WI,2021-01-08 10:01:37.348,2021-01-08 10:03:21.259,consumer,True
5ff8ce8504929111f6e913cb,WI,2021-01-08 16:28:37.743,2021-01-08 16:29:59.411,consumer,True
5ff8d634b3348b11c9337aa4,WI,2021-01-08 17:01:24.238,2021-01-08 17:01:24.518,consumer,True
5ff8da28b3348b11c9337ac6,WI,2021-01-08 17:18:16.844,2021-01-08 17:19:49.939,consumer,True
5ff8c330b3348b11c9337a04,WI,2021-01-08 15:40:16.722,2021-01-08 15:40:16.933,consumer,True
5ff873ddb3348b11c9337733,WI,2021-01-08 10:01:49.160,2021-01-08 10:01:49.202,consumer,True
5ff8da7eb3348b11c9337b72,WI,2021-01-08 17:19:42.704,2021-01-08 17:19:42.749,consumer,True
5ffcb47d04929111f6e9256c,WI,2021-01-11 15:26:37.225,2021-01-11 15:28:21.430,consumer,True
5ffc8ff9b3348b11c9338896,WI,2021-01-11 12:50:49.527,2021-01-11 12:50:49.567,consumer,True
5ffc8f9704929111f6e922bf,WI,2021-01-11 12:49:11.890,2021-01-11 12:50:56.750,consumer,True
5ffc9001b3348b11c93388b6,WI,2021-01-11 12:50:57.375,2021-01-11 12:50:57.415,consumer,True
5ffc8ff9b3348b11c9338896,WI,2021-01-11 12:50:49.527,2021-01-11 12:50:49.567,consumer,True
5ffc8f9704929111f6e922bf,WI,2021-01-11 12:49:11.890,2021-01-11 12:50:56.750,consumer,True
5ffc8f9704929111f6e922bf,WI,2021-01-11 12:49:11.890,2021-01-11 12:50:56.750,consumer,True
5ffc8ff9b3348b11c9338896,WI,2021-01-11 12:50:49.527,2021-01-11 12:50:49.567,consumer,True
5ffc8ff9b3348b11c9338896,WI,2021-01-11 12:50:49.527,2021-01-11 12:50:49.567,consumer,True
5ffcb4bc04929111f6e92608,WI,2021-01-11 15:27:40.225,2021-01-11 15:27:40.265,consumer,True
5ffc9d87b3348b11c9338920,WI,2021-01-11 13:48:39.076,2021-01-11 13:50:13.461,consumer,True
5ffc8f9704929111f6e922bf,WI,2021-01-11 12:49:11.890,2021-01-11 12:50:56.750,consumer,True
5ffc9d87b3348b11c9338920,WI,2021-01-11 13:48:39.076,2021-01-11 13:50:13.461,consumer,True
5ffcb47d04929111f6e9256c,WI,2021-01-11 15:26:37.225,2021-01-11 15:28:21.430,consumer,True
5ffc9d87b3348b11c9338920,WI,2021-01-11 13:48:39.076,2021-01-11 13:50:13.461,consumer,True
5ffc8f9704929111f6e922bf,WI,2021-01-11 12:49:11.890,2021-01-11 12:50:56.750,consumer,True
5ffcb4bc04929111f6e92608,WI,2021-01-11 15:27:40.225,2021-01-11 15:27:40.265,consumer,True
5ffc8f9704929111f6e922bf,WI,2021-01-11 12:49:11.890,2021-01-11 12:50:56.750,consumer,True
5ffc9d9f04929111f6e92456,WI,2021-01-11 13:49:03.920,2021-01-11 13:49:03.965,consumer,True
5ffca30604929111f6e92525,WI,2021-01-11 14:12:06.515,2021-01-11 14:12:06.791,consumer,True
5fff0f9804929101d0ab0697,WI,2021-01-13 10:19:52.446,2021-01-13 10:19:52.678,consumer,True
5fff0f4fb3348b03eb45abb0,WI,2021-01-13 10:18:39.070,2021-01-13 10:22:02.153,consumer,True
5fff4beedf9ace121f0c17ea,WI,2021-01-13 14:37:18.415,2021-01-13 14:41:12.676,consumer,True
5ffe115404929101d0aaebb2,AL,2021-01-12 16:15:00.208,,consumer,True
5fff55dabd4dff11dda8f5f1,WI,2021-01-13 15:19:38.721,2021-01-13 15:23:26.975,consumer,True
5fff0f4fb3348b03eb45abb0,WI,2021-01-13 10:18:39.070,2021-01-13 10:22:02.153,consumer,True
5fff55dabd4dff11dda8f5f1,WI,2021-01-13 15:19:38.721,2021-01-13 15:23:26.975,consumer,True
5fff4beedf9ace121f0c17ea,WI,2021-01-13 14:37:18.415,2021-01-13 14:41:12.676,consumer,True
5ffe115404929101d0aaebb2,AL,2021-01-12 16:15:00.208,,consumer,True
5fff26bab3348b03eb45bb22,WI,2021-01-13 11:58:34.027,2021-01-13 11:58:34.075,consumer,True
5fff55dabd4dff11dda8f5f1,WI,2021-01-13 15:19:38.721,2021-01-13 15:23:26.975,consumer,True
5fff0f4fb3348b03eb45abb0,WI,2021-01-13 10:18:39.070,2021-01-13 10:22:02.153,consumer,True
5fff55dabd4dff11dda8f5f1,WI,2021-01-13 15:19:38.721,2021-01-13 15:23:26.975,consumer,True
5fff55dabd4dff11dda8f5f1,WI,2021-01-13 15:19:38.721,2021-01-13 15:23:26.975,consumer,True
5fff4c7461ffa811fdb0854c,WI,2021-01-13 14:39:32.913,2021-01-13 14:39:33.163,consumer,True
5fff26bfb3348b03eb45bb32,WI,2021-01-13 11:58:39.411,2021-01-13 11:58:39.463,consumer,True
5fff55dabd4dff11dda8f5f1,WI,2021-01-13 15:19:38.721,2021-01-13 15:23:26.975,consumer,True
5fff0f4fb3348b03eb45abb0,WI,2021-01-13 10:18:39.070,2021-01-13 10:22:02.153,consumer,True
5fff26f2b3348b03eb45bbb9,WI,2021-01-13 11:59:30.518,2021-01-13 11:59:30.567,consumer,True
5fff55dabd4dff11dda8f5f1,WI,2021-01-13 15:19:38.721,2021-01-13 15:23:26.975,consumer,True
6000d4bae2571211db395b9f,WI,2021-01-14 18:33:14.861,2021-01-14 18:33:14.903,consumer,True
600056a3f7e5b011fce897b0,WI,2021-01-14 09:35:15.207,2021-01-14 09:37:10.767,consumer,True
600056a3f7e5b011fce897b0,WI,2021-01-14 09:35:15.207,2021-01-14 09:37:10.767,consumer,True
600056a3f7e5b011fce897b0,WI,2021-01-14 09:35:15.207,2021-01-14 09:37:10.767,consumer,True
6000d46cfb296c121a81b20c,WI,2021-01-14 18:31:56.665,2021-01-14 18:33:52.701,consumer,True
6000b7aefb296c121a8198b1,WI,2021-01-14 16:29:18.188,2021-01-14 16:33:22.666,consumer,True
60005709bd4dff11dda90ac1,WI,2021-01-14 09:36:57.988,2021-01-14 09:36:58.051,consumer,True
6000b7aefb296c121a8198b1,WI,2021-01-14 16:29:18.188,2021-01-14 16:33:22.666,consumer,True
600056a3f7e5b011fce897b0,WI,2021-01-14 09:35:15.207,2021-01-14 09:37:10.767,consumer,True
6000b7aefb296c121a8198b1,WI,2021-01-14 16:29:18.188,2021-01-14 16:33:22.666,consumer,True
5e27526d0bdb6a138c32b556,WI,2020-01-21 14:35:09.795,,consumer,True
600056a3f7e5b011fce897b0,WI,2021-01-14 09:35:15.207,2021-01-14 09:37:10.767,consumer,True
6000d46cfb296c121a81b20c,WI,2021-01-14 18:31:56.665,2021-01-14 18:33:52.701,consumer,True
6000d4abe2571211db395b5c,WI,2021-01-14 18:32:59.197,2021-01-14 18:32:59.248,consumer,True
600056d6bd4dff11dda90a3f,WI,2021-01-14 09:36:06.157,2021-01-14 09:36:06.208,consumer,True
60005704bd4dff11dda90a9d,WI,2021-01-14 09:36:52.368,2021-01-14 09:36:52.418,consumer,True
600056a3f7e5b011fce897b0,WI,2021-01-14 09:35:15.207,2021-01-14 09:37:10.767,consumer,True
600056a3f7e5b011fce897b0,WI,2021-01-14 09:35:15.207,2021-01-14 09:37:10.767,consumer,True
600056a3f7e5b011fce897b0,WI,2021-01-14 09:35:15.207,2021-01-14 09:37:10.767,consumer,True
60005709bd4dff11dda90ac1,WI,2021-01-14 09:36:57.988,2021-01-14 09:36:58.051,consumer,True
6002475cfb296c121a81b98d,WI,2021-01-15 20:54:36.571,,consumer,True
60024f24e257124ec6b99a13,WI,2021-01-15 21:27:49.345,,consumer,True
60037329e257124ec6b99eeb,WI,2021-01-16 18:13:45.574,,consumer,True
6000b75bbe5fc96dfee1d4d3,AL,2021-01-14 16:27:55.938,,consumer,True
6002541ae257124ec6b99a3a,WI,2021-01-15 21:48:58.736,,consumer,True
6000b75bbe5fc96dfee1d4d3,AL,2021-01-14 16:27:55.938,,consumer,True
600258dafb296c4ef805d9b7,WI,2021-01-15 22:09:14.959,,consumer,True
60025c65fb296c4ef805d9e6,WI,2021-01-15 22:24:21.980,,consumer,True
60037005e257124ec6b99ec2,WI,2021-01-16 18:00:21.504,,consumer,True
60025c65fb296c4ef805d9e6,WI,2021-01-15 22:24:21.980,,consumer,True
6000b75bbe5fc96dfee1d4d3,AL,2021-01-14 16:27:55.938,,consumer,True
6000b75bbe5fc96dfee1d4d3,AL,2021-01-14 16:27:55.938,,consumer,True
60025c65fb296c4ef805d9e6,WI,2021-01-15 22:24:21.980,,consumer,True
6000b75bbe5fc96dfee1d4d3,AL,2021-01-14 16:27:55.938,,consumer,True
6000b75bbe5fc96dfee1d4d3,AL,2021-01-14 16:27:55.938,,consumer,True
60023de5fb296c121a81b955,CO,2021-01-15 20:14:13.653,,consumer,True
6002541ae257124ec6b99a3a,WI,2021-01-15 21:48:58.736,,consumer,True
60049cdce257124ec6b9a353,WI,2021-01-17 15:23:56.994,,consumer,True
60025fe0e257124ec6b99a87,WI,2021-01-15 22:39:13.154,,consumer,True
600498c4e257124ec6b9a331,WI,2021-01-17 15:06:29.321,,consumer,True
6004a5d3fb296c4ef805e256,WI,2021-01-17 16:02:11.432,,consumer,True
60037a94fb296c4ef805ddbe,WI,2021-01-16 18:45:25.319,,consumer,True
600495c3fb296c4ef805e1fc,WI,2021-01-17 14:53:39.356,,consumer,True
6004a965e257124ec6b9a39f,WI,2021-01-17 16:17:25.327,,consumer,True
6007464b6e64691717e8c1f0,WI,2021-01-19 15:51:23.347,2021-01-19 15:55:08.492,consumer,True
6007464b6e64691717e8c1f0,WI,2021-01-19 15:51:23.347,2021-01-19 15:55:08.492,consumer,True
600741d06e6469120a787853,WI,2021-01-19 15:32:17.000,2021-01-19 15:39:03.299,consumer,True
600748196e64691717e8d4f0,WI,2021-01-19 15:59:05.175,2021-01-19 16:02:42.824,consumer,True
600746fd6e64691717e8cfb5,WI,2021-01-19 15:54:21.274,2021-01-19 15:54:21.487,consumer,True
60074b49325c8a1794623876,WI,2021-01-19 16:12:41.649,2021-01-19 16:16:09.332,consumer,True
60074b49325c8a1794623876,WI,2021-01-19 16:12:41.649,2021-01-19 16:16:09.332,consumer,True
60074b996e64691717e8f11a,WI,2021-01-19 16:14:01.809,2021-01-19 16:14:02.010,consumer,True
600748196e64691717e8d4f0,WI,2021-01-19 15:59:05.175,2021-01-19 16:02:42.824,consumer,True
600741d06e6469120a787853,WI,2021-01-19 15:32:17.000,2021-01-19 15:39:03.299,consumer,True
600741d06e6469120a787853,WI,2021-01-19 15:32:17.000,2021-01-19 15:39:03.299,consumer,True
600741d06e6469120a787853,WI,2021-01-19 15:32:17.000,2021-01-19 15:39:03.299,consumer,True
600741d06e6469120a787853,WI,2021-01-19 15:32:17.000,2021-01-19 15:39:03.299,consumer,True
600748196e64691717e8d4f0,WI,2021-01-19 15:59:05.175,2021-01-19 16:02:42.824,consumer,True
600741d06e6469120a787853,WI,2021-01-19 15:32:17.000,2021-01-19 15:39:03.299,consumer,True
6007464b6e64691717e8c1f0,WI,2021-01-19 15:51:23.347,2021-01-19 15:55:08.492,consumer,True
600748196e64691717e8d4f0,WI,2021-01-19 15:59:05.175,2021-01-19 16:02:42.824,consumer,True
60074246325c8a12289e22a0,WI,2021-01-19 15:34:15.284,2021-01-19 15:34:15.511,consumer,True
60074883325c8a1794622a12,WI,2021-01-19 16:00:51.464,2021-01-19 16:00:51.660,consumer,True
6006f786fb296c7f688530f8,AL,2021-01-19 10:15:18.644,,consumer,True
60088d55633aab121bb8e41a,WI,2021-01-20 15:06:45.740,2021-01-20 15:07:54.542,consumer,True
6008893b633aab121bb8e0a9,WI,2021-01-20 14:49:15.040,2021-01-20 14:50:33.205,consumer,True
6008893b633aab121bb8e0a9,WI,2021-01-20 14:49:15.040,2021-01-20 14:50:33.205,consumer,True
60083a1e325c8a17946255de,WI,2021-01-20 09:11:42.022,2021-01-20 09:15:04.611,consumer,True
6008896c633aab121bb8e11d,WI,2021-01-20 14:50:04.439,,consumer,True
60086a09b6310511daa4e1e9,WI,2021-01-20 12:36:09.747,2021-01-20 12:36:10.045,consumer,True
60088d55633aab121bb8e41a,WI,2021-01-20 15:06:45.740,2021-01-20 15:07:54.542,consumer,True
60088e5d633aab121bb8e5cf,WI,2021-01-20 15:11:09.989,2021-01-20 15:11:10.035,consumer,True
60085b3dbe5fc90ee6a67b11,WI,2021-01-20 11:33:01.152,2021-01-20 11:36:54.993,consumer,True
60088e44b6310511daa4ef80,WI,2021-01-20 15:10:44.695,2021-01-20 15:11:55.932,consumer,True
6008893b633aab121bb8e0a9,WI,2021-01-20 14:49:15.040,2021-01-20 14:50:33.205,consumer,True
6008893b633aab121bb8e0a9,WI,2021-01-20 14:49:15.040,2021-01-20 14:50:33.205,consumer,True
60088d84633aab121bb8e4a6,WI,2021-01-20 15:07:32.034,2021-01-20 15:07:32.079,consumer,True
6008873eb6310511daa4e8eb,WI,2021-01-20 14:40:46.148,2021-01-20 14:42:58.793,consumer,True
60086978633aab121bb8c895,WI,2021-01-20 12:33:44.062,2021-01-20 12:37:31.189,consumer,True
60088a25b6310511daa4ec42,WI,2021-01-20 14:53:09.274,2021-01-20 14:54:22.851,consumer,True
6008622ebe5fc9247bab4eb9,WI,2021-01-20 12:02:38.662,2021-01-20 12:02:38.931,consumer,False
6008893b633aab121bb8e0a9,WI,2021-01-20 14:49:15.040,2021-01-20 14:50:33.205,consumer,True
6008897ab6310511daa4ebdc,WI,2021-01-20 14:50:18.469,2021-01-20 14:50:18.526,consumer,True
60088a46b6310511daa4ec97,WI,2021-01-20 14:53:42.902,2021-01-20 14:53:42.948,consumer,True
600987d77d983a11f63cfa92,WI,2021-01-21 08:55:35.327,2021-01-21 08:59:21.063,consumer,True
600987d77d983a11f63cfa92,WI,2021-01-21 08:55:35.327,2021-01-21 08:59:21.063,consumer,True
600987d77d983a11f63cfa92,WI,2021-01-21 08:55:35.327,2021-01-21 08:59:21.063,consumer,True
6008f02fb6310511daa4f314,IL,2021-01-20 22:08:31.692,,consumer,True
600988557d983a11f63d08ef,WI,2021-01-21 08:57:41.269,2021-01-21 08:57:41.485,consumer,True
6009885c50b33111fd61eee9,WI,2021-01-21 08:57:48.490,2021-01-21 08:57:48.698,consumer,True
600987d77d983a11f63cfa92,WI,2021-01-21 08:55:35.327,2021-01-21 08:59:21.063,consumer,True
6009e60450b3311194385009,WI,2021-01-21 15:37:25.244,,consumer,True
6009e60450b3311194385009,WI,2021-01-21 15:37:25.244,,consumer,True
6008d447b6310511daa4f281,WI,2021-01-20 20:09:27.425,,consumer,True
6009e60450b3311194385009,WI,2021-01-21 15:37:25.244,,consumer,True
600987d77d983a11f63cfa92,WI,2021-01-21 08:55:35.327,2021-01-21 08:59:21.063,consumer,True
60099c1450b33111fd61f702,WI,2021-01-21 10:21:56.507,,consumer,True
600987d77d983a11f63cfa92,WI,2021-01-21 08:55:35.327,2021-01-21 08:59:21.063,consumer,True
6008e9cdb6310511daa4f2e4,IL,2021-01-20 21:41:17.264,,consumer,True
600987d77d983a11f63cfa92,WI,2021-01-21 08:55:35.327,2021-01-21 08:59:21.063,consumer,True
600a03e17d983a124e9adb0f,WI,2021-01-21 17:44:49.842,,consumer,True
600987d77d983a11f63cfa92,WI,2021-01-21 08:55:35.327,2021-01-21 08:59:21.063,consumer,True
600987d77d983a11f63cfa92,WI,2021-01-21 08:55:35.327,2021-01-21 08:59:21.063,consumer,True
600992d17d983a11f63d11ad,WI,2021-01-21 09:42:25.107,,consumer,True
600b477e7d983a124e9ae061,WI,2021-01-22 16:45:34.904,,consumer,True
600f008f4329897eac237bd8,WI,2021-01-25 12:31:59.409,2021-01-25 12:35:51.918,consumer,True
600f008f4329897eac237bd8,WI,2021-01-25 12:31:59.409,2021-01-25 12:35:51.918,consumer,True
600f008f4329897eac237bd8,WI,2021-01-25 12:31:59.409,2021-01-25 12:35:51.918,consumer,True
600ed4815edb7811cde6b50b,WI,2021-01-25 09:24:01.806,2021-01-25 09:24:02.036,consumer,True
600f008f4329897eac237bd8,WI,2021-01-25 12:31:59.409,2021-01-25 12:35:51.918,consumer,True
600f41b2bd196811e68ea219,WI,2021-01-25 17:09:55.031,2021-01-25 17:16:29.531,consumer,True
600f20c15edb787dce060911,WI,2021-01-25 14:49:21.843,,consumer,True
600f47f06fd0dc1768a34a12,WI,2021-01-25 17:36:32.551,2021-01-25 17:40:13.981,consumer,True
600ed42e43298911ce45d1fa,WI,2021-01-25 09:22:39.286,2021-01-25 09:29:24.970,consumer,True
600ed42e43298911ce45d1fa,WI,2021-01-25 09:22:39.286,2021-01-25 09:29:24.970,consumer,True
600f41b2bd196811e68ea219,WI,2021-01-25 17:09:55.031,2021-01-25 17:16:29.531,consumer,True
600ed42e43298911ce45d1fa,WI,2021-01-25 09:22:39.286,2021-01-25 09:29:24.970,consumer,True
600f008f4329897eac237bd8,WI,2021-01-25 12:31:59.409,2021-01-25 12:35:51.918,consumer,True
600f008f4329897eac237bd8,WI,2021-01-25 12:31:59.409,2021-01-25 12:35:51.918,consumer,True
600eea525edb7811cde6c81c,WI,2021-01-25 10:57:07.029,,consumer,True
600f008f4329897eac237bd8,WI,2021-01-25 12:31:59.409,2021-01-25 12:35:51.918,consumer,True
600ed48a5edb7811cde6b549,WI,2021-01-25 09:24:10.969,2021-01-25 09:24:11.193,consumer,True
600f47f06fd0dc1768a34a12,WI,2021-01-25 17:36:32.551,2021-01-25 17:40:13.981,consumer,True
600f47f06fd0dc1768a34a12,WI,2021-01-25 17:36:32.551,2021-01-25 17:40:13.981,consumer,True
600ed42e43298911ce45d1fa,WI,2021-01-25 09:22:39.286,2021-01-25 09:29:24.970,consumer,True
600fb1ac73c60b12049027bb,WI,2021-01-26 01:07:40.879,2021-01-26 01:11:23.950,consumer,True
600fb1ac73c60b12049027bb,WI,2021-01-26 01:07:40.879,2021-01-26 01:11:23.950,consumer,True
600fb1ac73c60b12049027bb,WI,2021-01-26 01:07:40.879,2021-01-26 01:11:23.950,consumer,True
600fb1ac73c60b12049027bb,WI,2021-01-26 01:07:40.879,2021-01-26 01:11:23.950,consumer,True
600fb1ac73c60b12049027bb,WI,2021-01-26 01:07:40.879,2021-01-26 01:11:23.950,consumer,True
600fb1ec73c60b1204902af4,WI,2021-01-26 01:08:44.058,2021-01-26 01:08:44.267,consumer,True
600fb1ac73c60b12049027bb,WI,2021-01-26 01:07:40.879,2021-01-26 01:11:23.950,consumer,True
600fb1ac73c60b12049027bb,WI,2021-01-26 01:07:40.879,2021-01-26 01:11:23.950,consumer,True
600fb1ac73c60b12049027bb,WI,2021-01-26 01:07:40.879,2021-01-26 01:11:23.950,consumer,True
600fb1ac73c60b12049027bb,WI,2021-01-26 01:07:40.879,2021-01-26 01:11:23.950,consumer,True
600fb1ac73c60b12049027bb,WI,2021-01-26 01:07:40.879,2021-01-26 01:11:23.950,consumer,True
600fb1ac73c60b12049027bb,WI,2021-01-26 01:07:40.879,2021-01-26 01:11:23.950,consumer,True
600fb1e4a4b74c120bd18777,WI,2021-01-26 01:08:36.799,2021-01-26 01:08:37.094,consumer,True
600fb1ac73c60b12049027bb,WI,2021-01-26 01:07:40.879,2021-01-26 01:11:23.950,consumer,True
600fb1ac73c60b12049027bb,WI,2021-01-26 01:07:40.879,2021-01-26 01:11:23.950,consumer,True
600fb1ac73c60b12049027bb,WI,2021-01-26 01:07:40.879,2021-01-26 01:11:23.950,consumer,True
600fb1ac73c60b12049027bb,WI,2021-01-26 01:07:40.879,2021-01-26 01:11:23.950,consumer,True
600fb1ac73c60b12049027bb,WI,2021-01-26 01:07:40.879,2021-01-26 01:11:23.950,consumer,True
6011f33173c60b1804ce1102,WI,2021-01-27 18:11:45.991,2021-01-27 18:11:46.040,consumer,True
6011f43ba4b74c18d3a8ca01,WI,2021-01-27 18:16:11.933,2021-01-27 18:16:12.023,consumer,True
6011f31ea4b74c18d3a8c476,WI,2021-01-27 18:11:26.702,2021-01-27 18:16:11.198,consumer,True
6011f31ea4b74c18d3a8c476,WI,2021-01-27 18:11:26.702,2021-01-27 18:16:11.198,consumer,True
6011f31ea4b74c18d3a8c476,WI,2021-01-27 18:11:26.702,2021-01-27 18:16:11.198,consumer,True
6011f42773c60b1804ce1607,WI,2021-01-27 18:15:51.961,2021-01-27 18:15:52.006,consumer,True
60118bcfa4b74c18d3a8c0d7,WI,2021-01-27 10:50:39.664,2021-01-27 10:52:41.503,consumer,True
6010be65a4b74c120bd19edc,WI,2021-01-26 20:14:13.600,2021-01-26 20:14:13.644,consumer,True
6010bddaa4b74c120bd19dfb,WI,2021-01-26 20:11:54.997,2021-01-26 20:14:25.032,consumer,True
60118c0fa4b74c18d3a8c151,WI,2021-01-27 10:51:43.511,2021-01-27 10:51:43.566,consumer,True
6011f33173c60b1804ce1102,WI,2021-01-27 18:11:45.991,2021-01-27 18:11:46.040,consumer,True
6010bddaa4b74c120bd19dfb,WI,2021-01-26 20:11:54.997,2021-01-26 20:14:25.032,consumer,True
6011f33173c60b1804ce1102,WI,2021-01-27 18:11:45.991,2021-01-27 18:11:46.040,consumer,True
60118bcfa4b74c18d3a8c0d7,WI,2021-01-27 10:50:39.664,2021-01-27 10:52:41.503,consumer,True
6010bddaa4b74c120bd19dfb,WI,2021-01-26 20:11:54.997,2021-01-26 20:14:25.032,consumer,True
60118bcfa4b74c18d3a8c0d7,WI,2021-01-27 10:50:39.664,2021-01-27 10:52:41.503,consumer,True
6011f31ea4b74c18d3a8c476,WI,2021-01-27 18:11:26.702,2021-01-27 18:16:11.198,consumer,True
6010be6673c60b12049040ef,WI,2021-01-26 20:14:14.981,2021-01-26 20:14:15.028,consumer,True
6011f33173c60b1804ce1102,WI,2021-01-27 18:11:45.991,2021-01-27 18:11:46.040,consumer,True
6010be6173c60b12049040d7,WI,2021-01-26 20:14:09.100,2021-01-26 20:14:09.163,consumer,True
60132acb73c60b3ca7f3ba32,WI,2021-01-28 16:21:15.898,2021-01-28 16:25:01.904,consumer,True
60132acb73c60b3ca7f3ba32,WI,2021-01-28 16:21:15.898,2021-01-28 16:25:01.904,consumer,True
600f00d05edb787dce05fb84,WI,2021-01-25 12:33:04.549,,consumer,True
60132acb73c60b3ca7f3ba32,WI,2021-01-28 16:21:15.898,2021-01-28 16:25:01.904,consumer,True
600f00d05edb787dce05fb84,WI,2021-01-25 12:33:04.549,,consumer,True
60132b85a4b74c3cbc516295,WI,2021-01-28 16:24:21.761,2021-01-28 16:24:21.913,consumer,True
60132b8b73c60b3ca7f3baee,WI,2021-01-28 16:24:27.222,2021-01-28 16:24:27.387,consumer,True
600f19914329897eac238fef,WI,2021-01-25 14:18:41.390,,consumer,True
6014558767804a1228b20d00,WI,2021-01-29 13:35:51.391,2021-01-29 13:35:51.434,consumer,True
601465c567804a1228b20f89,WI,2021-01-29 14:45:09.523,2021-01-29 14:45:09.567,consumer,True
60145a3c84231211ce796c5d,WI,2021-01-29 13:55:56.507,2021-01-29 13:58:36.699,consumer,True
6014499c67804a1228b1f5b0,WI,2021-01-29 12:45:00.842,2021-01-29 13:00:01.464,consumer,True
600f35015edb782098e2ac1b,WI,2021-01-25 16:15:46.246,,consumer,True
60147001c8b50e11d8453c36,WI,2021-01-29 15:28:49.403,2021-01-29 15:28:49.622,consumer,True
60145a5584231211ce796cac,WI,2021-01-29 13:56:21.484,2021-01-29 13:56:21.542,consumer,True
6014558767804a1228b20d00,WI,2021-01-29 13:35:51.391,2021-01-29 13:35:51.434,consumer,True
6014319173c60b3ca7f3bf01,WI,2021-01-29 11:02:25.330,2021-01-29 11:05:28.918,consumer,True
6014558467804a1228b20cf0,WI,2021-01-29 13:35:48.060,2021-01-29 13:35:48.133,consumer,True
6014485b84231211ce793d79,WI,2021-01-29 12:39:39.324,2021-01-29 12:43:11.937,consumer,True
601431c173c60b3ca7f3bf63,WI,2021-01-29 11:03:13.318,2021-01-29 11:03:13.362,consumer,True
601465a884231211ce796db3,WI,2021-01-29 14:44:40.680,2021-01-29 14:44:40.758,consumer,True
60145ff384231211ce796d51,,2021-01-29 14:20:19.722,,consumer,True
60146f2ac8b50e11d8452661,WI,2021-01-29 15:25:14.221,2021-01-29 15:29:08.512,consumer,True
60145a3c84231211ce796c5d,WI,2021-01-29 13:55:56.507,2021-01-29 13:58:36.699,consumer,True
6014658e67804a1228b20ef4,WI,2021-01-29 14:44:14.197,2021-01-29 14:46:07.347,consumer,True
601442ce67804a1228b1dc41,WI,2021-01-29 12:15:58.195,2021-01-29 12:18:54.023,consumer,True
601465a584231211ce796da5,WI,2021-01-29 14:44:37.376,2021-01-29 14:44:37.437,consumer,True
60145ff384231211ce796d51,,2021-01-29 14:20:19.722,,consumer,True
60147d2ac8b50e11d8453f53,OH,2021-01-29 16:24:58.184,,consumer,True
60147d2ac8b50e11d8453f53,OH,2021-01-29 16:24:58.184,,consumer,True
601890a99a1b091205b61ced,WI,2021-02-01 18:37:13.079,2021-02-01 18:37:13.126,consumer,True
60183090c8b50e11d84549c0,WI,2021-02-01 11:47:12.843,2021-02-01 11:48:32.031,consumer,True
60183090c8b50e11d84549c0,WI,2021-02-01 11:47:12.843,2021-02-01 11:48:32.031,consumer,True
60147d2ac8b50e11d8453f53,OH,2021-01-29 16:24:58.184,,consumer,True
60182f4ac8b50e11d8454946,WI,2021-02-01 11:41:46.573,2021-02-01 11:41:46.615,consumer,True
60182d6dc8b50e11d84547b2,WI,2021-02-01 11:33:49.873,2021-02-01 11:36:01.759,consumer,True
60147d2ac8b50e11d8453f53,OH,2021-01-29 16:24:58.184,,consumer,True
60183c579a1b091205b61a5f,WI,2021-02-01 12:37:27.795,2021-02-01 12:39:27.811,consumer,True
60147d2ac8b50e11d8453f53,OH,2021-01-29 16:24:58.184,,consumer,True
60189c94c8b50e11d8454f6b,WI,2021-02-01 19:28:04.020,2021-02-01 19:28:04.073,consumer,True
60189c74c8b50e11d8454eff,WI,2021-02-01 19:27:32.642,2021-02-01 19:29:09.977,consumer,True
60189c74c8b50e11d8454eff,WI,2021-02-01 19:27:32.642,2021-02-01 19:29:09.977,consumer,True
60189c94c8b50e11d8454f6b,WI,2021-02-01 19:28:04.020,2021-02-01 19:28:04.073,consumer,True
60189c74c8b50e11d8454eff,WI,2021-02-01 19:27:32.642,2021-02-01 19:29:09.977,consumer,True
60189c74c8b50e11d8454eff,WI,2021-02-01 19:27:32.642,2021-02-01 19:29:09.977,consumer,True
60189c88c8b50e11d8454f2f,WI,2021-02-01 19:27:52.817,2021-02-01 19:27:52.868,consumer,True
60189c74c8b50e11d8454eff,WI,2021-02-01 19:27:32.642,2021-02-01 19:29:09.977,consumer,True
60189c859a1b091205b61de1,WI,2021-02-01 19:27:49.145,2021-02-01 19:27:49.193,consumer,True
60189c74c8b50e11d8454eff,WI,2021-02-01 19:27:32.642,2021-02-01 19:29:09.977,consumer,True
60189c74c8b50e11d8454eff,WI,2021-02-01 19:27:32.642,2021-02-01 19:29:09.977,consumer,True
60189c94c8b50e11d8454f6b,WI,2021-02-01 19:28:04.020,2021-02-01 19:28:04.073,consumer,True
60189c94c8b50e11d8454f6b,WI,2021-02-01 19:28:04.020,2021-02-01 19:28:04.073,consumer,True
60186237c8b50e11d8454d5f,,2021-02-01 15:19:03.551,,consumer,True
60186237c8b50e11d8454d5f,,2021-02-01 15:19:03.551,,consumer,True
601ac1da591789121574dc07,WI,2021-02-03 10:31:38.705,2021-02-03 10:31:38.909,consumer,True
60186237c8b50e11d8454d5f,,2021-02-01 15:19:03.551,,consumer,True
60183e6c9a1b091205b61b49,SC,2021-02-01 12:46:20.468,,consumer,True
601ac195af4b1a1205f7560f,WI,2021-02-03 10:30:29.397,2021-02-03 10:34:11.043,consumer,True
60186237c8b50e11d8454d5f,,2021-02-01 15:19:03.551,,consumer,True
60186237c8b50e11d8454d5f,,2021-02-01 15:19:03.551,,consumer,True
601c6887969c0b11f7d0c81f,WI,2021-02-04 16:35:03.045,2021-02-04 16:36:30.188,consumer,True
601c68d229c30a1227ada484,WI,2021-02-04 16:36:18.530,2021-02-04 16:36:18.572,consumer,True
601c2c05969c0b11f7d0b097,WI,2021-02-04 12:16:53.700,2021-02-04 12:20:30.228,consumer,True
601c2c6a29c30a1227ad93bd,WI,2021-02-04 12:18:34.447,2021-02-04 12:18:34.650,consumer,True
601c2c05969c0b11f7d0b097,WI,2021-02-04 12:16:53.700,2021-02-04 12:20:30.228,consumer,True
55308179e4b0eabd8f99caa2,WI,2015-04-16 23:43:53.186,2018-05-07 13:23:40.003,consumer,True
60217fa799409b11fcf899fe,WI,2021-02-08 13:15:03.714,,consumer,True
602176c9b57b8a12187fe77e,WI,2021-02-08 12:37:13.950,2021-02-08 12:37:13.989,consumer,True
602176a3b57b8a12187fe717,WI,2021-02-08 12:36:35.109,2021-02-08 12:36:35.150,consumer,True
6022998599409b11fcf89c53,WI,2021-02-09 09:17:41.257,2021-02-09 09:18:58.835,consumer,True
60229990b57b8a12187fe9e0,WI,2021-02-09 09:17:52.581,2021-02-09 09:17:52.626,consumer,True
60229990b57b8a12187fe9e0,WI,2021-02-09 09:17:52.581,2021-02-09 09:17:52.626,consumer,True
59c124bae4b0299e55b0f330,WI,2017-09-19 10:07:54.302,2021-02-08 11:42:58.117,fetch-staff,True
59c124bae4b0299e55b0f330,WI,2017-09-19 10:07:54.302,2021-02-08 11:42:58.117,fetch-staff,True
59c124bae4b0299e55b0f330,WI,2017-09-19 10:07:54.302,2021-02-08 11:42:58.117,fetch-staff,True
59c124bae4b0299e55b0f330,WI,2017-09-19 10:07:54.302,2021-02-08 11:42:58.117,fetch-staff,True
59c124bae4b0299e55b0f330,WI,2017-09-19 10:07:54.302,2021-02-08 11:42:58.117,fetch-staff,True
59c124bae4b0299e55b0f330,WI,2017-09-19 10:07:54.302,2021-02-08 11:42:58.117,fetch-staff,True
59c124bae4b0299e55b0f330,WI,2017-09-19 10:07:54.302,2021-02-08 11:42:58.117,fetch-staff,True
59c124bae4b0299e55b0f330,WI,2017-09-19 10:07:54.302,2021-02-08 11:42:58.117,fetch-staff,True
59c124bae4b0299e55b0f330,WI,2017-09-19 10:07:54.302,2021-02-08 11:42:58.117,fetch-staff,True
6024399defa60112282c0ac9,WI,2021-02-10 14:53:01.857,2021-02-10 14:53:02.079,consumer,True
59c124bae4b0299e55b0f330,WI,2017-09-19 10:07:54.302,2021-02-08 11:42:58.117,fetch-staff,True
59c124bae4b0299e55b0f330,WI,2017-09-19 10:07:54.302,2021-02-08 11:42:58.117,fetch-staff,True
59c124bae4b0299e55b0f330,WI,2017-09-19 10:07:54.302,2021-02-08 11:42:58.117,fetch-staff,True
5f2068904928021530f8fc34,WI,2020-07-28 14:04:00.905,2021-02-04 10:30:05.375,fetch-staff,True
59c124bae4b0299e55b0f330,WI,2017-09-19 10:07:54.302,2021-02-08 11:42:58.117,fetch-staff,True
59c124bae4b0299e55b0f330,WI,2017-09-19 10:07:54.302,2021-02-08 11:42:58.117,fetch-staff,True
59c124bae4b0299e55b0f330,WI,2017-09-19 10:07:54.302,2021-02-08 11:42:58.117,fetch-staff,True
59c124bae4b0299e55b0f330,WI,2017-09-19 10:07:54.302,2021-02-08 11:42:58.117,fetch-staff,True
59c124bae4b0299e55b0f330,WI,2017-09-19 10:07:54.302,2021-02-08 11:42:58.117,fetch-staff,True
59c124bae4b0299e55b0f330,WI,2017-09-19 10:07:54.302,2021-02-08 11:42:58.117,fetch-staff,True
602558b1efa60114d20e5dc7,WI,2021-02-11 11:17:53.738,2021-02-11 11:17:53.798,consumer,True
602538adb54593795bf692ac,WI,2021-02-11 09:01:17.332,2021-02-11 09:01:17.388,consumer,True
60255883efa60114d20e5d4e,WI,2021-02-11 11:17:07.502,2021-02-11 11:18:29.219,consumer,True
602558adb5459313e1e9b7ce,WI,2021-02-11 11:17:49.831,2021-02-11 11:17:49.893,consumer,True
6025388fb54593795bf69234,WI,2021-02-11 09:00:47.269,2021-02-11 09:00:47.332,consumer,True
5fb0a078be5fc9775c1f3945,AL,2020-11-14 22:28:56.818,,consumer,True
60268c7aefa6011bb1510786,WI,2021-02-12 09:11:06.240,2021-02-12 09:11:06.294,consumer,True
5a43c08fe4b014fd6b6a0612,,2017-12-27 10:47:27.059,2021-02-12 11:22:37.155,consumer,True
5a43c08fe4b014fd6b6a0612,,2017-12-27 10:47:27.059,2021-02-12 11:22:37.155,consumer,True
5a43c08fe4b014fd6b6a0612,,2017-12-27 10:47:27.059,2021-02-12 11:22:37.155,consumer,True
5a43c08fe4b014fd6b6a0612,,2017-12-27 10:47:27.059,2021-02-12 11:22:37.155,consumer,True
5a43c08fe4b014fd6b6a0612,,2017-12-27 10:47:27.059,2021-02-12 11:22:37.155,consumer,True
60268c69efa6011bb151075f,WI,2021-02-12 09:10:49.408,2021-02-12 09:12:07.107,consumer,True
5a43c08fe4b014fd6b6a0612,,2017-12-27 10:47:27.059,2021-02-12 11:22:37.155,consumer,True
5fb0a078be5fc9775c1f3945,AL,2020-11-14 22:28:56.818,,consumer,True
5a43c08fe4b014fd6b6a0612,,2017-12-27 10:47:27.059,2021-02-12 11:22:37.155,consumer,True
5a43c08fe4b014fd6b6a0612,,2017-12-27 10:47:27.059,2021-02-12 11:22:37.155,consumer,True
5fbc35711d967d1222cbfefc,,2020-11-23 17:19:29.509,2021-02-25 23:25:51.057,fetch-staff,True
5fbc35711d967d1222cbfefc,,2020-11-23 17:19:29.509,2021-02-25 23:25:51.057,fetch-staff,True
5fbc35711d967d1222cbfefc,,2020-11-23 17:19:29.509,2021-02-25 23:25:51.057,fetch-staff,True
5fc961c3b8cfca11a077dd33,NH,2020-12-03 17:08:03.936,2021-02-26 17:39:16.799,fetch-staff,True
5fc961c3b8cfca11a077dd33,NH,2020-12-03 17:08:03.936,2021-02-26 17:39:16.799,fetch-staff,True
5fc961c3b8cfca11a077dd33,NH,2020-12-03 17:08:03.936,2021-02-26 17:39:16.799,fetch-staff,True
5fc961c3b8cfca11a077dd33,NH,2020-12-03 17:08:03.936,2021-02-26 17:39:16.799,fetch-staff,True
5fc961c3b8cfca11a077dd33,NH,2020-12-03 17:08:03.936,2021-02-26 17:39:16.799,fetch-staff,True
5fc961c3b8cfca11a077dd33,NH,2020-12-03 17:08:03.936,2021-02-26 17:39:16.799,fetch-staff,True
5fc961c3b8cfca11a077dd33,NH,2020-12-03 17:08:03.936,2021-02-26 17:39:16.799,fetch-staff,True
5fc961c3b8cfca11a077dd33,NH,2020-12-03 17:08:03.936,2021-02-26 17:39:16.799,fetch-staff,True
5fc961c3b8cfca11a077dd33,NH,2020-12-03 17:08:03.936,2021-02-26 17:39:16.799,fetch-staff,True
5fc961c3b8cfca11a077dd33,NH,2020-12-03 17:08:03.936,2021-02-26 17:39:16.799,fetch-staff,True
5fc961c3b8cfca11a077dd33,NH,2020-12-03 17:08:03.936,2021-02-26 17:39:16.799,fetch-staff,True
5fc961c3b8cfca11a077dd33,NH,2020-12-03 17:08:03.936,2021-02-26 17:39:16.799,fetch-staff,True
5fc961c3b8cfca11a077dd33,NH,2020-12-03 17:08:03.936,2021-02-26 17:39:16.799,fetch-staff,True
5fc961c3b8cfca11a077dd33,NH,2020-12-03 17:08:03.936,2021-02-26 17:39:16.799,fetch-staff,True
5fc961c3b8cfca11a077dd33,NH,2020-12-03 17:08:03.936,2021-02-26 17:39:16.799,fetch-staff,True
5fc961c3b8cfca11a077dd33,NH,2020-12-03 17:08:03.936,2021-02-26 17:39:16.799,fetch-staff,True
5fc961c3b8cfca11a077dd33,NH,2020-12-03 17:08:03.936,2021-02-26 17:39:16.799,fetch-staff,True
5fc961c3b8cfca11a077dd33,NH,2020-12-03 17:08:03.936,2021-02-26 17:39:16.799,fetch-staff,True
5fc961c3b8cfca11a077dd33,NH,2020-12-03 17:08:03.936,2021-02-26 17:39:16.799,fetch-staff,True
5fc961c3b8cfca11a077dd33,NH,2020-12-03 17:08:03.936,2021-02-26 17:39:16.799,fetch-staff,True
5fa41775898c7a11a6bcef3e,,2020-11-05 10:17:09.396,2021-03-04 11:02:02.026,fetch-staff,True
5fa32b4d898c7a11a6bcebce,AL,2020-11-04 17:29:33.309,2021-03-04 02:21:58.047,fetch-staff,True
5fa41775898c7a11a6bcef3e,,2020-11-05 10:17:09.396,2021-03-04 11:02:02.026,fetch-staff,True
5fa41775898c7a11a6bcef3e,,2020-11-05 10:17:09.396,2021-03-04 11:02:02.026,fetch-staff,True
5fa41775898c7a11a6bcef3e,,2020-11-05 10:17:09.396,2021-03-04 11:02:02.026,fetch-staff,True
5fa41775898c7a11a6bcef3e,,2020-11-05 10:17:09.396,2021-03-04 11:02:02.026,fetch-staff,True
5fa41775898c7a11a6bcef3e,,2020-11-05 10:17:09.396,2021-03-04 11:02:02.026,fetch-staff,True
5964eb07e4b03efd0c0f267b,IL,2017-07-11 11:13:11.771,2021-03-04 14:07:49.770,fetch-staff,True
5fa41775898c7a11a6bcef3e,,2020-11-05 10:17:09.396,2021-03-04 11:02:02.026,fetch-staff,True
5fa41775898c7a11a6bcef3e,,2020-11-05 10:17:09.396,2021-03-04 11:02:02.026,fetch-staff,True
5fa41775898c7a11a6bcef3e,,2020-11-05 10:17:09.396,2021-03-04 11:02:02.026,fetch-staff,True
5fa41775898c7a11a6bcef3e,,2020-11-05 10:17:09.396,2021-03-04 11:02:02.026,fetch-staff,True
5fa41775898c7a11a6bcef3e,,2020-11-05 10:17:09.396,2021-03-04 11:02:02.026,fetch-staff,True
5fa41775898c7a11a6bcef3e,,2020-11-05 10:17:09.396,2021-03-04 11:02:02.026,fetch-staff,True
5fa41775898c7a11a6bcef3e,,2020-11-05 10:17:09.396,2021-03-04 11:02:02.026,fetch-staff,True
5fa41775898c7a11a6bcef3e,,2020-11-05 10:17:09.396,2021-03-04 11:02:02.026,fetch-staff,True
5fa41775898c7a11a6bcef3e,,2020-11-05 10:17:09.396,2021-03-04 11:02:02.026,fetch-staff,True
5fa41775898c7a11a6bcef3e,,2020-11-05 10:17:09.396,2021-03-04 11:02:02.026,fetch-staff,True
5fa41775898c7a11a6bcef3e,,2020-11-05 10:17:09.396,2021-03-04 11:02:02.026,fetch-staff,True
5fa41775898c7a11a6bcef3e,,2020-11-05 10:17:09.396,2021-03-04 11:02:02.026,fetch-staff,True
54943462e4b07e684157a532,,2014-12-19 09:21:22.381,2021-03-05 11:52:23.204,fetch-staff,True
54943462e4b07e684157a532,,2014-12-19 09:21:22.381,2021-03-05 11:52:23.204,fetch-staff,True
54943462e4b07e684157a532,,2014-12-19 09:21:22.381,2021-03-05 11:52:23.204,fetch-staff,True
54943462e4b07e684157a532,,2014-12-19 09:21:22.381,2021-03-05 11:52:23.204,fetch-staff,True
54943462e4b07e684157a532,,2014-12-19 09:21:22.381,2021-03-05 11:52:23.204,fetch-staff,True
54943462e4b07e684157a532,,2014-12-19 09:21:22.381,2021-03-05 11:52:23.204,fetch-staff,True
54943462e4b07e684157a532,,2014-12-19 09:21:22.381,2021-03-05 11:52:23.204,fetch-staff,True
54943462e4b07e684157a532,,2014-12-19 09:21:22.381,2021-03-05 11:52:23.204,fetch-staff,True
54943462e4b07e684157a532,,2014-12-19 09:21:22.381,2021-03-05 11:52:23.204,fetch-staff,True
54943462e4b07e684157a532,,2014-12-19 09:21:22.381,2021-03-05 11:52:23.204,fetch-staff,True
54943462e4b07e684157a532,,2014-12-19 09:21:22.381,2021-03-05 11:52:23.204,fetch-staff,True
54943462e4b07e684157a532,,2014-12-19 09:21:22.381,2021-03-05 11:52:23.204,fetch-staff,True
54943462e4b07e684157a532,,2014-12-19 09:21:22.381,2021-03-05 11:52:23.204,fetch-staff,True
54943462e4b07e684157a532,,2014-12-19 09:21:22.381,2021-03-05 11:52:23.204,fetch-staff,True
54943462e4b07e684157a532,,2014-12-19 09:21:22.381,2021-03-05 11:52:23.204,fetch-staff,True
54943462e4b07e684157a532,,2014-12-19 09:21:22.381,2021-03-05 11:52:23.204,fetch-staff,True
54943462e4b07e684157a532,,2014-12-19 09:21:22.381,2021-03-05 11:52:23.204,fetch-staff,True
54943462e4b07e684157a532,,2014-12-19 09:21:22.381,2021-03-05 11:52:23.204,fetch-staff,True
54943462e4b07e684157a532,,2014-12-19 09:21:22.381,2021-03-05 11:52:23.204,fetch-staff,True
54943462e4b07e684157a532,,2014-12-19 09:21:22.381,2021-03-05 11:52:23.204,fetch-staff,True
